时间,CPU封装,最热核,TCPU,PL1,PL2,系统繁忙,游戏CPU,GPU温度,GPU功耗,GPU利用率,GPU墙,可用内存MB,Swap已用MB,游戏内存MB,GPU频率,EPP,max_perf,P核频率MHz,限频计数
00:18:10,54,64,64,55,90,0,0,44,7.82,52,70.00,4349,2427,6628,705,balance_performance,100,4585,18777
00:18:12,53,53,49,55,90,21,232,46,19.88,41,70.00,4284,2446,6806,1515,balance_performance,100,3754,18777
00:18:14,76,79,81,55,90,32,404,52,43.87,54,70.00,4003,2454,6900,2535,balance_performance,100,4700,18777
00:18:16,67,73,55,55,90,37,511,55,59.17,54,70.00,3808,2459,7146,2535,balance_performance,100,4700,18777
00:18:19,82,82,72,55,90,30,423,55,59.00,61,70.00,3792,2459,7157,2535,balance_performance,100,4700,18777
00:18:21,63,63,61,55,90,31,442,56,59.29,58,70.00,3775,2459,7160,2535,balance_performance,100,4668,18777
00:18:23,78,78,79,55,90,29,413,57,62.76,62,70.00,3802,2465,7163,2535,balance_performance,100,4700,18777
00:18:25,73,73,63,55,90,32,438,58,63.03,71,70.00,3660,2481,7164,2535,balance_performance,100,4146,18777
00:18:28,72,75,77,55,90,35,465,58,64.80,69,70.00,3612,2492,7165,2430,balance_performance,100,4700,18777
00:18:30,69,71,62,55,90,36,491,60,61.72,75,70.00,3813,2499,7190,2535,balance_performance,100,4658,18777
00:18:32,61,61,67,55,90,35,493,58,57.29,43,70.00,3796,2500,7196,2520,balance_performance,100,4528,18777
00:18:34,86,86,77,55,90,32,477,62,66.54,75,70.00,3804,2509,7197,2430,balance_performance,100,4695,18777
00:18:36,76,76,73,55,90,33,457,62,67.96,69,70.00,3836,2522,7198,2535,balance_performance,100,4700,18777
00:18:39,67,67,71,55,90,30,431,61,66.29,55,70.00,3632,2532,7201,2520,balance_performance,100,4153,18777
00:18:41,80,81,74,55,90,34,475,61,68.32,73,70.00,3673,2552,7202,2250,balance_performance,100,3983,18777
00:18:43,76,76,79,55,90,34,516,64,67.71,74,70.00,3868,2555,7203,2400,balance_performance,100,4041,18777
00:18:45,64,72,66,55,90,33,502,63,67.83,67,70.00,3871,2555,7204,2520,balance_performance,100,4701,18777
00:18:47,64,73,73,55,90,34,496,63,65.71,77,70.00,3878,2555,7213,2520,balance_performance,100,4686,18777
00:18:50,92,92,86,55,90,31,457,65,67.14,69,70.00,3668,2555,7225,2400,balance_performance,100,4700,18777
00:18:52,83,83,76,55,90,33,475,65,64.42,63,70.00,3658,2555,7226,2520,balance_performance,100,3696,18777
00:18:54,71,81,69,55,90,31,455,66,64.98,72,70.00,3835,2555,7234,2520,balance_performance,100,4769,18777
00:18:56,81,82,82,55,90,18,268,57,23.00,23,70.00,3830,2555,7237,1245,balance_performance,100,4742,18777
00:18:58,84,86,84,55,90,24,319,59,39.56,38,70.00,3836,2555,7249,2415,balance_performance,100,4710,18777
00:19:01,73,74,83,55,90,34,471,65,54.55,51,70.00,3771,2555,7294,2520,balance_performance,100,4700,18777
00:19:03,86,86,74,55,90,38,539,64,60.65,55,70.00,3564,2555,7306,2520,balance_performance,100,3823,18777
00:19:05,66,69,72,55,90,35,532,65,64.45,55,70.00,3543,2555,7310,2520,balance_performance,100,4350,18777
00:19:07,85,86,69,55,90,36,540,63,64.50,50,70.00,3727,2555,7315,2520,balance_performance,100,2745,18777
00:19:10,77,77,75,55,90,35,532,66,66.69,56,70.00,3724,2555,7342,2520,balance_performance,100,3967,18777
00:19:12,82,87,67,55,90,34,526,67,64.33,68,70.00,3691,2555,7382,2520,balance_performance,100,3691,18777
00:19:14,75,75,78,55,90,35,512,66,68.44,66,70.00,3487,2555,7383,2520,balance_performance,100,4108,18783
00:19:16,76,76,76,55,90,35,539,67,62.80,69,70.00,3488,2555,7388,2520,balance_performance,100,4139,18783
00:19:19,64,64,63,55,90,33,483,66,57.26,63,70.00,3677,2555,7396,2520,balance_performance,100,2849,18783
00:19:21,63,63,61,55,90,33,511,65,55.38,55,70.00,3676,2555,7398,2520,balance_performance,100,3334,18783
00:19:23,64,64,64,55,90,29,456,66,63.85,66,70.00,3641,2555,7403,2490,balance_performance,100,2057,18783
00:19:26,66,66,62,55,90,32,506,66,62.33,35,70.00,3402,2555,7404,2430,balance_performance,100,2256,18783
00:19:28,64,64,62,55,90,32,525,63,56.49,58,70.00,3332,2555,7404,2520,balance_performance,100,4480,18783
00:19:30,82,82,85,55,90,33,533,64,65.01,32,70.00,3513,2555,7405,2175,balance_performance,100,4196,18811
00:19:32,64,66,72,55,90,32,505,66,62.37,54,70.00,3519,2555,7406,2460,balance_performance,100,3560,18811
00:19:35,63,63,63,55,90,32,523,67,59.65,47,70.00,3512,2555,7407,2520,balance_performance,100,2794,18811
00:19:37,64,69,66,55,90,33,506,64,59.22,48,70.00,3540,2555,7407,2520,balance_performance,100,3534,18811
00:19:40,67,67,64,55,90,32,510,63,58.14,41,70.00,3455,2555,7415,2445,balance_performance,100,3071,18811
00:19:42,63,69,63,55,90,30,501,66,52.40,42,70.00,3616,2555,7417,2520,balance_performance,100,3625,18811
00:19:44,64,64,62,55,90,32,509,64,53.62,54,70.00,3618,2555,7419,2520,balance_performance,100,2286,18811
00:19:47,62,62,62,55,90,32,545,65,56.17,41,70.00,3658,2555,7419,2520,balance_performance,100,3504,18811
00:19:49,66,67,65,55,90,32,487,65,56.97,49,70.00,3221,2555,7432,2520,balance_performance,100,3219,18811
00:19:51,71,71,63,55,90,32,478,64,56.76,40,70.00,3389,2555,7439,2520,balance_performance,100,3600,18811
00:19:54,62,64,63,55,90,31,498,63,51.96,31,70.00,3570,2555,7449,2520,balance_performance,100,2444,18811
00:19:56,61,64,62,55,90,34,509,63,58.72,42,70.00,3585,2555,7451,2520,balance_performance,100,2008,18811
